{
  "algorithm": "perm-mix",
  "key_used": "23545987235",
  "image_size": [
    512,
    512,
    3
  ],
  "correlation_analysis": {
    "original": {
      "horizontal": 0.9999201792396656,
      "vertical": 0.9999201792396581,
      "diagonal": 0.999862673048155
    },
    "encrypted": {
      "horizontal": -0.0032681206119050594,
      "vertical": -4.2202442451850216e-05,
      "diagonal": -0.0026442887122304247
    }
  },
  "entropy_analysis": {
    "original_channels": [
      -512.7548875021635,
      -512.7548875021635,
      -656.26275718237
    ],
    "encrypted_channels": [
      -512.347361679466,
      -512.3324170154978,
      -512.3884529899118
    ],
    "original_total": 7.971641949678417,
    "encrypted_total": 7.999805654468446
  },
  "npcr_uaci_analysis": {
    "original_vs_encrypted": {
      "npcr": 99.62005615234375,
      "uaci": 32.079162099003014
    }
  },
  "key_sensitivity_analysis": {
    "bit_level_analysis": {
      "average_change_rate": 49.99687512715658,
      "standard_deviation": 0.021447863750698928,
      "min_change_rate": 49.94994799296062,
      "max_change_rate": 50.03980000813802,
      "deviation_from_ideal": 0.0031248728434221107,
      "bit_change_rates": [
        50.03156661987305,
        49.99416669209798,
        50.03980000813802,
        49.990034103393555,
        49.94994799296062,
        49.99289512634277,
        50.0179131825765,
        49.98237291971843,
        49.98664855957031,
        49.987777074178055,
        49.96412595113118,
        50.007025400797524,
        50.00171661376953,
        50.01964569091797,
        50.02581278483073,
        49.99477068583171,
        49.97795422871907,
        49.987220764160156,
        49.99203681945801,
        49.994071324666336
      ]
    },
    "pixel_level_analysis": {
      "npcr": {
        "average": 99.61013793945311,
        "standard_deviation": 0.0036414322088948107,
        "ideal_value": 99.61,
        "deviation_from_ideal": 0.00013793945311135758,
        "values": [
          99.60721333821616,
          99.61357116699219,
          99.60746765136719,
          99.61446126302084,
          99.60912068684897,
          99.61128234863281,
          99.61751302083334,
          99.60492451985678,
          99.61077372233072,
          99.61573282877603,
          99.61331685384116,
          99.61255391438803,
          99.61102803548178,
          99.60416158040366,
          99.61115519205728,
          99.60734049479166,
          99.60416158040366,
          99.60950215657553,
          99.60772196451822,
          99.60975646972656
        ]
      },
      "uaci": {
        "average": 33.4649414361692,
        "standard_deviation": 0.028098792161827403,
        "ideal_value": 33.46,
        "deviation_from_ideal": 0.0049414361691972886,
        "values": [
          33.49668714735243,
          33.4883127648846,
          33.4854400235843,
          33.43284008549709,
          33.42745562784033,
          33.45566244686351,
          33.48687813952078,
          33.466287750044685,
          33.45826392080269,
          33.511477202371836,
          33.41787649915109,
          33.46924177182266,
          33.44267502329708,
          33.497406205320665,
          33.470982071620966,
          33.45287547392004,
          33.417761808906505,
          33.49763159658395,
          33.487212237189794,
          33.43586092680887
        ]
      }
    },
    "tested_bit_positions": [
      0,
      1,
      2,
      3,
      4,
      5,
      6,
      7,
      8,
      9,
      10,
      11,
      12,
      13,
      14,
      15,
      16,
      17,
      18,
      19
    ],
    "overall_assessment": {
      "bit_change_quality": "Excellent",
      "npcr_quality": "Excellent",
      "uaci_quality": "Excellent"
    }
  },
  "security_metrics": {
    "ideal_entropy": 8.0,
    "ideal_avalanche": 50.0,
    "ideal_npcr": 99.61,
    "ideal_uaci": 33.46,
    "ideal_correlation": 0.0
  }
}