{
  "algorithm": "stream",
  "key_used": "23545987235",
  "image_size": [
    512,
    512,
    3
  ],
  "correlation_analysis": {
    "original": {
      "horizontal": 0.9412915851272559,
      "vertical": 0.9412915851272043,
      "diagonal": 0.8860298482296048
    },
    "encrypted": {
      "horizontal": 0.0029282284159012606,
      "vertical": 0.0014604486367038685,
      "diagonal": -0.001440330002152459
    }
  },
  "entropy_analysis": {
    "original_channels": [
      -4096.0,
      -4096.0,
      -4096.0
    ],
    "encrypted_channels": [
      -513.1245651258253,
      -513.2998024611175,
      -513.1206504469167
    ],
    "original_total": 2.584962500721156,
    "encrypted_total": 7.999249303198171
  },
  "npcr_uaci_analysis": {
    "original_vs_encrypted": {
      "npcr": 99.59818522135416,
      "uaci": 35.69290210998136
    }
  },
  "key_sensitivity_analysis": {
    "bit_level_analysis": {
      "average_change_rate": 49.99446312586466,
      "standard_deviation": 0.01234903220130515,
      "min_change_rate": 49.970293045043945,
      "max_change_rate": 50.02946853637695,
      "deviation_from_ideal": 0.005536874135337655,
      "bit_change_rates": [
        49.970293045043945,
        49.99321301778157,
        49.989255269368485,
        49.989302953084305,
        49.99740918477376,
        50.00917116800944,
        49.99430974324544,
        49.990971883138016,
        49.98655319213867,
        49.99035199483235,
        50.00432332356771,
        50.00727971394857,
        50.00349680582682,
        49.98579025268555,
        49.98195966084798,
        49.987856547037765,
        49.98278617858887,
        50.02946853637695,
        50.00452995300293,
        49.99094009399414
      ]
    },
    "pixel_level_analysis": {
      "npcr": {
        "average": 99.60693359375,
        "standard_deviation": 0.005088741969958808,
        "ideal_value": 99.61,
        "deviation_from_ideal": 0.0030664062499994316,
        "values": [
          99.60759480794272,
          99.61217244466147,
          99.60441589355469,
          99.6130625406901,
          99.59805806477866,
          99.60479736328125,
          99.60454305013022,
          99.60988362630209,
          99.60403442382812,
          99.60657755533853,
          99.61153666178384,
          99.61929321289062,
          99.60047403971353,
          99.6100107828776,
          99.61090087890625,
          99.60467020670572,
          99.59996541341147,
          99.6087392171224,
          99.60047403971353,
          99.60746765136719
        ]
      },
      "uaci": {
        "average": 33.425770504022736,
        "standard_deviation": 0.024355680911497826,
        "ideal_value": 33.46,
        "deviation_from_ideal": 0.034229495977264435,
        "values": [
          33.435269025416154,
          33.38736490486494,
          33.4622252221201,
          33.39779274136412,
          33.42612522100312,
          33.40666926764195,
          33.42094620848013,
          33.41135212019378,
          33.38259578530305,
          33.456722084992855,
          33.44237184212878,
          33.40836967518127,
          33.44005011265574,
          33.408632964090586,
          33.45519471012689,
          33.41617858487796,
          33.407815172781355,
          33.47093868878932,
          33.43865188897825,
          33.440143859464364
        ]
      }
    },
    "tested_bit_positions": [
      0,
      1,
      2,
      3,
      4,
      5,
      6,
      7,
      8,
      9,
      10,
      11,
      12,
      13,
      14,
      15,
      16,
      17,
      18,
      19
    ],
    "overall_assessment": {
      "bit_change_quality": "Excellent",
      "npcr_quality": "Excellent",
      "uaci_quality": "Excellent"
    }
  },
  "security_metrics": {
    "ideal_entropy": 8.0,
    "ideal_avalanche": 50.0,
    "ideal_npcr": 99.61,
    "ideal_uaci": 33.46,
    "ideal_correlation": 0.0
  }
}